{"cameraMode":{"drawMode":0,"name":"Shaded","section":"Shading Mode"},"sceneLighting":false,"audioPlay":false,"sceneViewState":{"showFog":true,"showMaterialUpdate":false,"showSkybox":false,"showFlares":false,"showImageEffects":false,"showParticleSystems":false},"in2DMode":false,"pivot":{"x":-1.189509391784668,"y":-6.480260848999023,"z":18.957979202270509},"rotation":{"x":-0.23937267065048219,"y":0.09854964166879654,"z":-0.024431565776467325,"w":-0.9656081795692444},"size":17.859830856323243,"orthographic":false}