{"cameraMode":{"drawMode":0,"name":"Shaded","section":"Shading Mode"},"sceneLighting":false,"audioPlay":false,"sceneViewState":{"showFog":true,"showMaterialUpdate":false,"showSkybox":false,"showFlares":false,"showImageEffects":false,"showParticleSystems":false},"in2DMode":false,"pivot":{"x":0.04999995231628418,"y":2.4136738777160646,"z":498.0},"rotation":{"x":0.19227978587150575,"y":-0.5120640993118286,"z":0.11881568282842636,"w":0.828674852848053},"size":500.0712585449219,"orthographic":false}