{"cameraMode":{"drawMode":0,"name":"Shaded","section":"Shading Mode"},"sceneLighting":false,"audioPlay":false,"sceneViewState":{"showFog":true,"showMaterialUpdate":false,"showSkybox":false,"showFlares":false,"showImageEffects":false,"showParticleSystems":false},"in2DMode":false,"pivot":{"x":-1.5439679622650147,"y":3.8629682064056398,"z":0.5162078738212586},"rotation":{"x":0.17513783276081086,"y":0.7599137425422669,"z":-0.22834020853042603,"w":0.5828585624694824},"size":1.39798903465271,"orthographic":false}